priceUsd,time,date,asset_name
3122.6576554892367,1642550400000,2022-01-19 00:00:00+00:00,ethereum
3158.739986239647,1642636800000,2022-01-20 00:00:00+00:00,ethereum
2825.349107985276,1642723200000,2022-01-21 00:00:00+00:00,ethereum
2473.8669394012613,1642809600000,2022-01-22 00:00:00+00:00,ethereum
2463.6085439953804,1642896000000,2022-01-23 00:00:00+00:00,ethereum
2370.64580612121,1642982400000,2022-01-24 00:00:00+00:00,ethereum
2427.2526086404487,1643068800000,2022-01-25 00:00:00+00:00,ethereum
2522.0867296800943,1643155200000,2022-01-26 00:00:00+00:00,ethereum
2429.1807084532034,1643241600000,2022-01-27 00:00:00+00:00,ethereum
2450.352585183417,1643328000000,2022-01-28 00:00:00+00:00,ethereum
2570.525601844847,1643414400000,2022-01-29 00:00:00+00:00,ethereum
2601.813921446933,1643500800000,2022-01-30 00:00:00+00:00,ethereum
2588.9500261885873,1643587200000,2022-01-31 00:00:00+00:00,ethereum
2758.105496980586,1643673600000,2022-02-01 00:00:00+00:00,ethereum
2740.05183654588,1643760000000,2022-02-02 00:00:00+00:00,ethereum
2646.8709156854957,1643846400000,2022-02-03 00:00:00+00:00,ethereum
2835.97185565001,1643932800000,2022-02-04 00:00:00+00:00,ethereum
3013.606240836289,1644019200000,2022-02-05 00:00:00+00:00,ethereum
3010.9941183026526,1644105600000,2022-02-06 00:00:00+00:00,ethereum
3100.240795871484,1644192000000,2022-02-07 00:00:00+00:00,ethereum
3116.762631931052,1644278400000,2022-02-08 00:00:00+00:00,ethereum
3161.6862026900053,1644364800000,2022-02-09 00:00:00+00:00,ethereum
3191.842860568568,1644451200000,2022-02-10 00:00:00+00:00,ethereum
3058.8997998727946,1644537600000,2022-02-11 00:00:00+00:00,ethereum
2932.0915711855114,1644624000000,2022-02-12 00:00:00+00:00,ethereum
2920.073801450597,1644710400000,2022-02-13 00:00:00+00:00,ethereum
2899.4006386431133,1644796800000,2022-02-14 00:00:00+00:00,ethereum
3078.034920044376,1644883200000,2022-02-15 00:00:00+00:00,ethereum
3130.4843396393476,1644969600000,2022-02-16 00:00:00+00:00,ethereum
3027.711281184188,1645056000000,2022-02-17 00:00:00+00:00,ethereum
2865.750352347151,1645142400000,2022-02-18 00:00:00+00:00,ethereum
2778.5003793350024,1645228800000,2022-02-19 00:00:00+00:00,ethereum
2663.756059452616,1645315200000,2022-02-20 00:00:00+00:00,ethereum
2685.3837305174984,1645401600000,2022-02-21 00:00:00+00:00,ethereum
2572.210402839082,1645488000000,2022-02-22 00:00:00+00:00,ethereum
2663.831047164633,1645574400000,2022-02-23 00:00:00+00:00,ethereum
2464.6114382426067,1645660800000,2022-02-24 00:00:00+00:00,ethereum
2665.2154395423727,1645747200000,2022-02-25 00:00:00+00:00,ethereum
2793.4369958235825,1645833600000,2022-02-26 00:00:00+00:00,ethereum
2733.7397086963833,1645920000000,2022-02-27 00:00:00+00:00,ethereum
2705.63798096547,1646006400000,2022-02-28 00:00:00+00:00,ethereum
2937.9435817479307,1646092800000,2022-03-01 00:00:00+00:00,ethereum
2971.053015993662,1646179200000,2022-03-02 00:00:00+00:00,ethereum
2883.79628862012,1646265600000,2022-03-03 00:00:00+00:00,ethereum
2703.067362881796,1646352000000,2022-03-04 00:00:00+00:00,ethereum
2648.518323543753,1646438400000,2022-03-05 00:00:00+00:00,ethereum
2639.5422236947697,1646524800000,2022-03-06 00:00:00+00:00,ethereum
2544.732681686638,1646611200000,2022-03-07 00:00:00+00:00,ethereum
2561.6411341080716,1646697600000,2022-03-08 00:00:00+00:00,ethereum
2712.7236956436054,1646784000000,2022-03-09 00:00:00+00:00,ethereum
2618.040133984024,1646870400000,2022-03-10 00:00:00+00:00,ethereum
2585.1002214045498,1646956800000,2022-03-11 00:00:00+00:00,ethereum
2589.1138411930015,1647043200000,2022-03-12 00:00:00+00:00,ethereum
2577.939170432413,1647129600000,2022-03-13 00:00:00+00:00,ethereum
2562.2328257836516,1647216000000,2022-03-14 00:00:00+00:00,ethereum
2573.1117549061764,1647302400000,2022-03-15 00:00:00+00:00,ethereum
2686.253929503728,1647388800000,2022-03-16 00:00:00+00:00,ethereum
2789.219019973336,1647475200000,2022-03-17 00:00:00+00:00,ethereum
2848.977487917444,1647561600000,2022-03-18 00:00:00+00:00,ethereum
2951.9841531953443,1647648000000,2022-03-19 00:00:00+00:00,ethereum
2900.3332780280666,1647734400000,2022-03-20 00:00:00+00:00,ethereum
2898.0174527709687,1647820800000,2022-03-21 00:00:00+00:00,ethereum
2996.611013923585,1647907200000,2022-03-22 00:00:00+00:00,ethereum
2973.915351109854,1647993600000,2022-03-23 00:00:00+00:00,ethereum
3055.5758123868254,1648080000000,2022-03-24 00:00:00+00:00,ethereum
3133.2697916333427,1648166400000,2022-03-25 00:00:00+00:00,ethereum
3126.646868295,1648252800000,2022-03-26 00:00:00+00:00,ethereum
3173.7064441151065,1648339200000,2022-03-27 00:00:00+00:00,ethereum
3347.8369958373796,1648425600000,2022-03-28 00:00:00+00:00,ethereum
3412.6941277910296,1648512000000,2022-03-29 00:00:00+00:00,ethereum
3394.5669347409776,1648598400000,2022-03-30 00:00:00+00:00,ethereum
3369.155782535977,1648684800000,2022-03-31 00:00:00+00:00,ethereum
3349.3960983258116,1648771200000,2022-04-01 00:00:00+00:00,ethereum
3481.8871352829774,1648857600000,2022-04-02 00:00:00+00:00,ethereum
3495.1346158016345,1648944000000,2022-04-03 00:00:00+00:00,ethereum
3489.0240927996406,1649030400000,2022-04-04 00:00:00+00:00,ethereum
3494.141847033844,1649116800000,2022-04-05 00:00:00+00:00,ethereum
3296.005873284106,1649203200000,2022-04-06 00:00:00+00:00,ethereum
3218.9694740940195,1649289600000,2022-04-07 00:00:00+00:00,ethereum
3259.206581054884,1649376000000,2022-04-08 00:00:00+00:00,ethereum
3225.9267940764316,1649462400000,2022-04-09 00:00:00+00:00,ethereum
3265.3065913667488,1649548800000,2022-04-10 00:00:00+00:00,ethereum
3092.3253234865083,1649635200000,2022-04-11 00:00:00+00:00,ethereum
3017.0148785746587,1649721600000,2022-04-12 00:00:00+00:00,ethereum
3086.624433049155,1649808000000,2022-04-13 00:00:00+00:00,ethereum
3072.7230643955254,1649894400000,2022-04-14 00:00:00+00:00,ethereum
3031.701635741596,1649980800000,2022-04-15 00:00:00+00:00,ethereum
3044.4111058552344,1650067200000,2022-04-16 00:00:00+00:00,ethereum
3052.9144448553866,1650153600000,2022-04-17 00:00:00+00:00,ethereum
2964.8482406257867,1650240000000,2022-04-18 00:00:00+00:00,ethereum
3075.237214538253,1650326400000,2022-04-19 00:00:00+00:00,ethereum
3095.1448431091167,1650412800000,2022-04-20 00:00:00+00:00,ethereum
3088.085690133715,1650499200000,2022-04-21 00:00:00+00:00,ethereum
2989.1172021418806,1650585600000,2022-04-22 00:00:00+00:00,ethereum
2963.293589127085,1650672000000,2022-04-23 00:00:00+00:00,ethereum
2948.2461796222833,1650758400000,2022-04-24 00:00:00+00:00,ethereum
2895.8881929927215,1650844800000,2022-04-25 00:00:00+00:00,ethereum
2941.9786502939382,1650931200000,2022-04-26 00:00:00+00:00,ethereum
2866.271759790127,1651017600000,2022-04-27 00:00:00+00:00,ethereum
2915.917804519161,1651104000000,2022-04-28 00:00:00+00:00,ethereum
2873.9648772551086,1651190400000,2022-04-29 00:00:00+00:00,ethereum
2816.684063643016,1651276800000,2022-04-30 00:00:00+00:00,ethereum
2786.4345052383783,1651363200000,2022-05-01 00:00:00+00:00,ethereum
2837.767428220396,1651449600000,2022-05-02 00:00:00+00:00,ethereum
2825.037418931872,1651536000000,2022-05-03 00:00:00+00:00,ethereum
2853.800677955077,1651622400000,2022-05-04 00:00:00+00:00,ethereum
2863.4955615200565,1651708800000,2022-05-05 00:00:00+00:00,ethereum
2714.763043618344,1651795200000,2022-05-06 00:00:00+00:00,ethereum
2682.2363039507136,1651881600000,2022-05-07 00:00:00+00:00,ethereum
2565.067298862844,1651968000000,2022-05-08 00:00:00+00:00,ethereum
2401.659737224528,1652054400000,2022-05-09 00:00:00+00:00,ethereum
2360.8377879341697,1652140800000,2022-05-10 00:00:00+00:00,ethereum
2281.6148909114486,1652227200000,2022-05-11 00:00:00+00:00,ethereum
1947.8829319551012,1652313600000,2022-05-12 00:00:00+00:00,ethereum
2072.4339285492847,1652400000000,2022-05-13 00:00:00+00:00,ethereum
2017.9407230902752,1652486400000,2022-05-14 00:00:00+00:00,ethereum
2063.4771381647224,1652572800000,2022-05-15 00:00:00+00:00,ethereum
2040.4386150735888,1652659200000,2022-05-16 00:00:00+00:00,ethereum
2067.386182455632,1652745600000,2022-05-17 00:00:00+00:00,ethereum
2009.268155171197,1652832000000,2022-05-18 00:00:00+00:00,ethereum
1969.9482817430207,1652918400000,2022-05-19 00:00:00+00:00,ethereum
1999.6398156877217,1653004800000,2022-05-20 00:00:00+00:00,ethereum
1970.4664456405333,1653091200000,2022-05-21 00:00:00+00:00,ethereum
2001.426362667053,1653177600000,2022-05-22 00:00:00+00:00,ethereum
2038.93589620906,1653264000000,2022-05-23 00:00:00+00:00,ethereum
1969.6850755491064,1653350400000,2022-05-24 00:00:00+00:00,ethereum
1971.542021553308,1653436800000,2022-05-25 00:00:00+00:00,ethereum
1873.256729098336,1653523200000,2022-05-26 00:00:00+00:00,ethereum
1762.1257761303764,1653609600000,2022-05-27 00:00:00+00:00,ethereum
1770.6818672587572,1653696000000,2022-05-28 00:00:00+00:00,ethereum
1792.9053393862655,1653782400000,2022-05-29 00:00:00+00:00,ethereum
1904.0101447962008,1653868800000,2022-05-30 00:00:00+00:00,ethereum
1967.1862942115188,1653955200000,2022-05-31 00:00:00+00:00,ethereum
1898.6140707987036,1654041600000,2022-06-01 00:00:00+00:00,ethereum
1821.765712825724,1654128000000,2022-06-02 00:00:00+00:00,ethereum
1788.265833157645,1654214400000,2022-06-03 00:00:00+00:00,ethereum
1773.07367673726,1654300800000,2022-06-04 00:00:00+00:00,ethereum
1799.1451150220616,1654387200000,2022-06-05 00:00:00+00:00,ethereum
1874.8678077307943,1654473600000,2022-06-06 00:00:00+00:00,ethereum
1778.8676825562577,1654560000000,2022-06-07 00:00:00+00:00,ethereum
1803.0580990692272,1654646400000,2022-06-08 00:00:00+00:00,ethereum
1797.886870180518,1654732800000,2022-06-09 00:00:00+00:00,ethereum
1741.9175133646256,1654819200000,2022-06-10 00:00:00+00:00,ethereum
1597.2207449975483,1654905600000,2022-06-11 00:00:00+00:00,ethereum
1482.3332795010656,1654992000000,2022-06-12 00:00:00+00:00,ethereum
1271.8477647542736,1655078400000,2022-06-13 00:00:00+00:00,ethereum
1195.0977820472751,1655164800000,2022-06-14 00:00:00+00:00,ethereum
1137.8661672191265,1655251200000,2022-06-15 00:00:00+00:00,ethereum
1143.9383306047287,1655337600000,2022-06-16 00:00:00+00:00,ethereum
1086.822426484675,1655424000000,2022-06-17 00:00:00+00:00,ethereum
1019.3897359861014,1655510400000,2022-06-18 00:00:00+00:00,ethereum
1034.6066946322635,1655596800000,2022-06-19 00:00:00+00:00,ethereum
1105.533628891774,1655683200000,2022-06-20 00:00:00+00:00,ethereum
1144.5562671153016,1655769600000,2022-06-21 00:00:00+00:00,ethereum
1086.8325514409796,1655856000000,2022-06-22 00:00:00+00:00,ethereum
1099.7749978836289,1655942400000,2022-06-23 00:00:00+00:00,ethereum
1182.4406405674008,1656028800000,2022-06-24 00:00:00+00:00,ethereum
1217.7046028028851,1656115200000,2022-06-25 00:00:00+00:00,ethereum
1232.7876904253076,1656201600000,2022-06-26 00:00:00+00:00,ethereum
1209.1480674852655,1656288000000,2022-06-27 00:00:00+00:00,ethereum
1190.0842584677057,1656374400000,2022-06-28 00:00:00+00:00,ethereum
1122.5895334361205,1656460800000,2022-06-29 00:00:00+00:00,ethereum
1046.5900137601786,1656547200000,2022-06-30 00:00:00+00:00,ethereum
1065.506869833289,1656633600000,2022-07-01 00:00:00+00:00,ethereum
1053.187096391476,1656720000000,2022-07-02 00:00:00+00:00,ethereum
1061.5510954636268,1656806400000,2022-07-03 00:00:00+00:00,ethereum
1088.3736627972196,1656892800000,2022-07-04 00:00:00+00:00,ethereum
1141.820396770465,1657065600000,2022-07-06 00:00:00+00:00,ethereum
1198.7088996615355,1657152000000,2022-07-07 00:00:00+00:00,ethereum
1233.9433687270832,1657238400000,2022-07-08 00:00:00+00:00,ethereum
1218.3459729561494,1657324800000,2022-07-09 00:00:00+00:00,ethereum
1182.6641032342636,1657411200000,2022-07-10 00:00:00+00:00,ethereum
1142.623573593638,1657497600000,2022-07-11 00:00:00+00:00,ethereum
1070.3341852285066,1657584000000,2022-07-12 00:00:00+00:00,ethereum
1066.5015937931576,1657670400000,2022-07-13 00:00:00+00:00,ethereum
1125.8902632443032,1657756800000,2022-07-14 00:00:00+00:00,ethereum
1218.9545272893695,1657843200000,2022-07-15 00:00:00+00:00,ethereum
1256.2262623114336,1657929600000,2022-07-16 00:00:00+00:00,ethereum
1351.0803309254384,1658016000000,2022-07-17 00:00:00+00:00,ethereum
1456.57246161121,1658102400000,2022-07-18 00:00:00+00:00,ethereum
1545.0851762254165,1658188800000,2022-07-19 00:00:00+00:00,ethereum
1560.4846009603334,1658275200000,2022-07-20 00:00:00+00:00,ethereum
1522.7856563166044,1658361600000,2022-07-21 00:00:00+00:00,ethereum
1583.8070059811855,1658448000000,2022-07-22 00:00:00+00:00,ethereum
1544.31567837773,1658534400000,2022-07-23 00:00:00+00:00,ethereum
1594.809453210432,1658620800000,2022-07-24 00:00:00+00:00,ethereum
1523.499121486228,1658707200000,2022-07-25 00:00:00+00:00,ethereum
1404.633052383584,1658793600000,2022-07-26 00:00:00+00:00,ethereum
1496.1055978969096,1658880000000,2022-07-27 00:00:00+00:00,ethereum
1667.271126513613,1658966400000,2022-07-28 00:00:00+00:00,ethereum
1715.09588350147,1659052800000,2022-07-29 00:00:00+00:00,ethereum
1711.0306909841593,1659139200000,2022-07-30 00:00:00+00:00,ethereum
1702.8460473996713,1659225600000,2022-07-31 00:00:00+00:00,ethereum
1664.236817284626,1659312000000,2022-08-01 00:00:00+00:00,ethereum
1611.882218139706,1659398400000,2022-08-02 00:00:00+00:00,ethereum
1641.468943155943,1659484800000,2022-08-03 00:00:00+00:00,ethereum
1620.549877967252,1659571200000,2022-08-04 00:00:00+00:00,ethereum
1670.6565218670269,1659657600000,2022-08-05 00:00:00+00:00,ethereum
1717.2863314624403,1659744000000,2022-08-06 00:00:00+00:00,ethereum
1694.1913881607363,1659830400000,2022-08-07 00:00:00+00:00,ethereum
1755.345401151277,1659916800000,2022-08-08 00:00:00+00:00,ethereum
1731.132596942609,1660003200000,2022-08-09 00:00:00+00:00,ethereum
1756.9203140347981,1660089600000,2022-08-10 00:00:00+00:00,ethereum
1890.2540964929267,1660176000000,2022-08-11 00:00:00+00:00,ethereum
1897.01590473274,1660262400000,2022-08-12 00:00:00+00:00,ethereum
1983.684757268279,1660348800000,2022-08-13 00:00:00+00:00,ethereum
1973.6503058857627,1660435200000,2022-08-14 00:00:00+00:00,ethereum
1921.8882349099783,1660521600000,2022-08-15 00:00:00+00:00,ethereum
1885.2748737506804,1660608000000,2022-08-16 00:00:00+00:00,ethereum
1871.2243494568668,1660694400000,2022-08-17 00:00:00+00:00,ethereum
1858.441964768476,1660780800000,2022-08-18 00:00:00+00:00,ethereum
1736.7997331710828,1660867200000,2022-08-19 00:00:00+00:00,ethereum
1620.305065038376,1660953600000,2022-08-20 00:00:00+00:00,ethereum
1609.1527257239454,1661040000000,2022-08-21 00:00:00+00:00,ethereum
1581.9245574859842,1661126400000,2022-08-22 00:00:00+00:00,ethereum
1625.7713849335885,1661212800000,2022-08-23 00:00:00+00:00,ethereum
1650.7567007380806,1661299200000,2022-08-24 00:00:00+00:00,ethereum
1696.2158646268822,1661385600000,2022-08-25 00:00:00+00:00,ethereum
1629.71578394408,1661472000000,2022-08-26 00:00:00+00:00,ethereum
1493.4182756013477,1661558400000,2022-08-27 00:00:00+00:00,ethereum
1487.4482171022764,1661644800000,2022-08-28 00:00:00+00:00,ethereum
1486.5951425659548,1661731200000,2022-08-29 00:00:00+00:00,ethereum
1552.869573448674,1661817600000,2022-08-30 00:00:00+00:00,ethereum
1577.3905277025135,1661904000000,2022-08-31 00:00:00+00:00,ethereum
1558.757618871227,1661990400000,2022-09-01 00:00:00+00:00,ethereum
1593.0769808816365,1662076800000,2022-09-02 00:00:00+00:00,ethereum
1557.9613044892517,1662163200000,2022-09-03 00:00:00+00:00,ethereum
1560.1930266927627,1662249600000,2022-09-04 00:00:00+00:00,ethereum
1580.4750056171836,1662336000000,2022-09-05 00:00:00+00:00,ethereum
1635.000186199445,1662422400000,2022-09-06 00:00:00+00:00,ethereum
1547.946326433915,1662508800000,2022-09-07 00:00:00+00:00,ethereum
1630.5874626195018,1662595200000,2022-09-08 00:00:00+00:00,ethereum
1700.3620496434064,1662681600000,2022-09-09 00:00:00+00:00,ethereum
1735.36473252672,1662768000000,2022-09-10 00:00:00+00:00,ethereum
1769.5191020867544,1662854400000,2022-09-11 00:00:00+00:00,ethereum
1735.2038953671704,1662940800000,2022-09-12 00:00:00+00:00,ethereum
1662.8622953924405,1663027200000,2022-09-13 00:00:00+00:00,ethereum
1601.44698378182,1663113600000,2022-09-14 00:00:00+00:00,ethereum
1563.0975767398436,1663200000000,2022-09-15 00:00:00+00:00,ethereum
1455.5042959479583,1663286400000,2022-09-16 00:00:00+00:00,ethereum
1444.786213574508,1663372800000,2022-09-17 00:00:00+00:00,ethereum
1421.7863073763865,1663459200000,2022-09-18 00:00:00+00:00,ethereum
1331.3769083875184,1663545600000,2022-09-19 00:00:00+00:00,ethereum
1353.732072479471,1663632000000,2022-09-20 00:00:00+00:00,ethereum
1329.467742058554,1663718400000,2022-09-21 00:00:00+00:00,ethereum
1286.1783752451706,1663804800000,2022-09-22 00:00:00+00:00,ethereum
1314.59393941779,1663891200000,2022-09-23 00:00:00+00:00,ethereum
1329.759904712265,1663977600000,2022-09-24 00:00:00+00:00,ethereum
1314.9230778277038,1664064000000,2022-09-25 00:00:00+00:00,ethereum
1312.666930608282,1664150400000,2022-09-26 00:00:00+00:00,ethereum
1361.5970389367785,1664236800000,2022-09-27 00:00:00+00:00,ethereum
1310.6072061831287,1664323200000,2022-09-28 00:00:00+00:00,ethereum
1331.6021103803944,1664409600000,2022-09-29 00:00:00+00:00,ethereum
1337.676254142251,1664496000000,2022-09-30 00:00:00+00:00,ethereum
1323.419739134058,1664582400000,2022-10-01 00:00:00+00:00,ethereum
1303.4336218568935,1664668800000,2022-10-02 00:00:00+00:00,ethereum
1304.2726415979848,1664755200000,2022-10-03 00:00:00+00:00,ethereum
1344.9587638322587,1664841600000,2022-10-04 00:00:00+00:00,ethereum
1347.5965185669857,1664928000000,2022-10-05 00:00:00+00:00,ethereum
1364.7756617490115,1665014400000,2022-10-06 00:00:00+00:00,ethereum
1344.5092950713872,1665100800000,2022-10-07 00:00:00+00:00,ethereum
1327.54495397325,1665187200000,2022-10-08 00:00:00+00:00,ethereum
1319.8262503273097,1665273600000,2022-10-09 00:00:00+00:00,ethereum
1313.6809062233008,1665360000000,2022-10-10 00:00:00+00:00,ethereum
1283.0318276421783,1665446400000,2022-10-11 00:00:00+00:00,ethereum
1294.7261459776175,1665532800000,2022-10-12 00:00:00+00:00,ethereum
1272.921853325814,1665619200000,2022-10-13 00:00:00+00:00,ethereum
1315.8202304645572,1665705600000,2022-10-14 00:00:00+00:00,ethereum
1288.4490472848156,1665792000000,2022-10-15 00:00:00+00:00,ethereum
1288.5515546028264,1665878400000,2022-10-16 00:00:00+00:00,ethereum
1317.3330396595704,1665964800000,2022-10-17 00:00:00+00:00,ethereum
1322.271926307685,1666051200000,2022-10-18 00:00:00+00:00,ethereum
1299.7552862530997,1666137600000,2022-10-19 00:00:00+00:00,ethereum
1290.183302242606,1666224000000,2022-10-20 00:00:00+00:00,ethereum
1289.1168023333664,1666310400000,2022-10-21 00:00:00+00:00,ethereum
1307.1605210788523,1666396800000,2022-10-22 00:00:00+00:00,ethereum
1318.6568936900403,1666483200000,2022-10-23 00:00:00+00:00,ethereum
1345.666227684981,1666569600000,2022-10-24 00:00:00+00:00,ethereum
1389.882208155256,1666656000000,2022-10-25 00:00:00+00:00,ethereum
1527.0142690082796,1666742400000,2022-10-26 00:00:00+00:00,ethereum
1548.7701060831942,1666828800000,2022-10-27 00:00:00+00:00,ethereum
1525.1717339509244,1666915200000,2022-10-28 00:00:00+00:00,ethereum
1605.2359271385167,1667001600000,2022-10-29 00:00:00+00:00,ethereum
1600.1563334420716,1667088000000,2022-10-30 00:00:00+00:00,ethereum
1578.953736437025,1667174400000,2022-10-31 00:00:00+00:00,ethereum
1581.6884899376212,1667260800000,2022-11-01 00:00:00+00:00,ethereum
1560.7127530550326,1667347200000,2022-11-02 00:00:00+00:00,ethereum
1541.702538157921,1667433600000,2022-11-03 00:00:00+00:00,ethereum
1596.3675341692838,1667520000000,2022-11-04 00:00:00+00:00,ethereum
1640.8488535918216,1667606400000,2022-11-05 00:00:00+00:00,ethereum
1616.2696872551794,1667692800000,2022-11-06 00:00:00+00:00,ethereum
1580.524266794986,1667779200000,2022-11-07 00:00:00+00:00,ethereum
1460.1184349670373,1667865600000,2022-11-08 00:00:00+00:00,ethereum
1228.1678624034269,1667952000000,2022-11-09 00:00:00+00:00,ethereum
1228.929762684318,1668038400000,2022-11-10 00:00:00+00:00,ethereum
1265.6256366456319,1668124800000,2022-11-11 00:00:00+00:00,ethereum
1264.5300110341093,1668211200000,2022-11-12 00:00:00+00:00,ethereum
1240.3371242316828,1668297600000,2022-11-13 00:00:00+00:00,ethereum
1228.9306504785927,1668384000000,2022-11-14 00:00:00+00:00,ethereum
1258.4815521500052,1668470400000,2022-11-15 00:00:00+00:00,ethereum
1230.0468943605697,1668556800000,2022-11-16 00:00:00+00:00,ethereum
1205.727629999633,1668643200000,2022-11-17 00:00:00+00:00,ethereum
1214.730025159231,1668729600000,2022-11-18 00:00:00+00:00,ethereum
1210.834082203868,1668816000000,2022-11-19 00:00:00+00:00,ethereum
1193.2182580966155,1668902400000,2022-11-20 00:00:00+00:00,ethereum
1121.5875348260668,1668988800000,2022-11-21 00:00:00+00:00,ethereum
1110.807647229936,1669075200000,2022-11-22 00:00:00+00:00,ethereum
1163.44737644449,1669161600000,2022-11-23 00:00:00+00:00,ethereum
1200.2058008766965,1669248000000,2022-11-24 00:00:00+00:00,ethereum
1191.5414055784715,1669334400000,2022-11-25 00:00:00+00:00,ethereum
1217.303545805671,1669420800000,2022-11-26 00:00:00+00:00,ethereum
1217.153456403796,1669507200000,2022-11-27 00:00:00+00:00,ethereum
1174.1653269222027,1669593600000,2022-11-28 00:00:00+00:00,ethereum
1206.7736299563862,1669680000000,2022-11-29 00:00:00+00:00,ethereum
1272.597363817735,1669766400000,2022-11-30 00:00:00+00:00,ethereum
1281.3406385687808,1669852800000,2022-12-01 00:00:00+00:00,ethereum
1281.632414444745,1669939200000,2022-12-02 00:00:00+00:00,ethereum
1274.9508398169403,1670025600000,2022-12-03 00:00:00+00:00,ethereum
1263.6427422865013,1670112000000,2022-12-04 00:00:00+00:00,ethereum
1281.8335487885397,1670198400000,2022-12-05 00:00:00+00:00,ethereum
1258.2194151010583,1670284800000,2022-12-06 00:00:00+00:00,ethereum
1240.8597719786892,1670371200000,2022-12-07 00:00:00+00:00,ethereum
1247.0008718750407,1670457600000,2022-12-08 00:00:00+00:00,ethereum
1277.0681203575648,1670544000000,2022-12-09 00:00:00+00:00,ethereum
1268.7790457237095,1670630400000,2022-12-10 00:00:00+00:00,ethereum
1273.1454847868097,1670716800000,2022-12-11 00:00:00+00:00,ethereum
1254.4882134790087,1670803200000,2022-12-12 00:00:00+00:00,ethereum
1295.1805012621023,1670889600000,2022-12-13 00:00:00+00:00,ethereum
1323.6630886871783,1670976000000,2022-12-14 00:00:00+00:00,ethereum
1282.464106204695,1671062400000,2022-12-15 00:00:00+00:00,ethereum
1228.4042501821168,1671148800000,2022-12-16 00:00:00+00:00,ethereum
1179.1671115445163,1671235200000,2022-12-17 00:00:00+00:00,ethereum
1184.399343772904,1671321600000,2022-12-18 00:00:00+00:00,ethereum
1180.7569441477524,1671408000000,2022-12-19 00:00:00+00:00,ethereum
1207.0260104828408,1671494400000,2022-12-20 00:00:00+00:00,ethereum
1212.4362353245872,1671580800000,2022-12-21 00:00:00+00:00,ethereum
1209.226903849638,1671667200000,2022-12-22 00:00:00+00:00,ethereum
1220.5191325558144,1671753600000,2022-12-23 00:00:00+00:00,ethereum
1220.3595129788623,1671840000000,2022-12-24 00:00:00+00:00,ethereum
1217.7786570709072,1671926400000,2022-12-25 00:00:00+00:00,ethereum
1218.6695582718796,1672012800000,2022-12-26 00:00:00+00:00,ethereum
1216.8518273981642,1672099200000,2022-12-27 00:00:00+00:00,ethereum
1196.2517731638525,1672185600000,2022-12-28 00:00:00+00:00,ethereum
1196.411356697079,1672272000000,2022-12-29 00:00:00+00:00,ethereum
1194.904995456488,1672358400000,2022-12-30 00:00:00+00:00,ethereum
1198.5914145479069,1672444800000,2022-12-31 00:00:00+00:00,ethereum
1215.9214894329862,1672617600000,2023-01-02 00:00:00+00:00,ethereum
1213.0989639750526,1672704000000,2023-01-03 00:00:00+00:00,ethereum
1247.752140406306,1672790400000,2023-01-04 00:00:00+00:00,ethereum
1251.1378142533356,1672876800000,2023-01-05 00:00:00+00:00,ethereum
1254.4388737417578,1672963200000,2023-01-06 00:00:00+00:00,ethereum
1265.4242150600328,1673049600000,2023-01-07 00:00:00+00:00,ethereum
1266.1085947195318,1673136000000,2023-01-08 00:00:00+00:00,ethereum
1317.9524952563995,1673222400000,2023-01-09 00:00:00+00:00,ethereum
1330.6151763010826,1673308800000,2023-01-10 00:00:00+00:00,ethereum
1336.1358838947956,1673395200000,2023-01-11 00:00:00+00:00,ethereum
1405.1307610127585,1673481600000,2023-01-12 00:00:00+00:00,ethereum
1416.8064211992166,1673568000000,2023-01-13 00:00:00+00:00,ethereum
1537.9400141866656,1673654400000,2023-01-14 00:00:00+00:00,ethereum
1537.005412683159,1673740800000,2023-01-15 00:00:00+00:00,ethereum
1562.268057079384,1673827200000,2023-01-16 00:00:00+00:00,ethereum
1571.667561250556,1673913600000,2023-01-17 00:00:00+00:00,ethereum
41982.20669713448,1642550400000,2022-01-19 00:00:00+00:00,bitcoin
42277.340568753774,1642636800000,2022-01-20 00:00:00+00:00,bitcoin
38768.02194168501,1642723200000,2022-01-21 00:00:00+00:00,bitcoin
35615.05760435285,1642809600000,2022-01-22 00:00:00+00:00,bitcoin
35535.84375937379,1642896000000,2022-01-23 00:00:00+00:00,bitcoin
35184.82322767571,1642982400000,2022-01-24 00:00:00+00:00,bitcoin
36585.76104177224,1643068800000,2022-01-25 00:00:00+00:00,bitcoin
37593.28629029538,1643155200000,2022-01-26 00:00:00+00:00,bitcoin
36443.72778061912,1643241600000,2022-01-27 00:00:00+00:00,bitcoin
37195.33378568701,1643328000000,2022-01-28 00:00:00+00:00,bitcoin
37936.38962730221,1643414400000,2022-01-29 00:00:00+00:00,bitcoin
38033.00444478686,1643500800000,2022-01-30 00:00:00+00:00,bitcoin
37639.14341177935,1643587200000,2022-01-31 00:00:00+00:00,bitcoin
38618.69851271176,1643673600000,2022-02-01 00:00:00+00:00,bitcoin
38110.06031074658,1643760000000,2022-02-02 00:00:00+00:00,bitcoin
36870.751790311275,1643846400000,2022-02-03 00:00:00+00:00,bitcoin
38707.10370560352,1643932800000,2022-02-04 00:00:00+00:00,bitcoin
41542.708410126,1644019200000,2022-02-05 00:00:00+00:00,bitcoin
41641.7760563115,1644105600000,2022-02-06 00:00:00+00:00,bitcoin
43155.50004180576,1644192000000,2022-02-07 00:00:00+00:00,bitcoin
43938.226005165794,1644278400000,2022-02-08 00:00:00+00:00,bitcoin
44010.322627053145,1644364800000,2022-02-09 00:00:00+00:00,bitcoin
44410.87181983592,1644451200000,2022-02-10 00:00:00+00:00,bitcoin
43260.55947938237,1644537600000,2022-02-11 00:00:00+00:00,bitcoin
42423.94044676922,1644624000000,2022-02-12 00:00:00+00:00,bitcoin
42463.33879280509,1644710400000,2022-02-13 00:00:00+00:00,bitcoin
42328.92211231977,1644796800000,2022-02-14 00:00:00+00:00,bitcoin
43938.85636814849,1644883200000,2022-02-15 00:00:00+00:00,bitcoin
44047.593890104115,1644969600000,2022-02-16 00:00:00+00:00,bitcoin
42705.24488625423,1645056000000,2022-02-17 00:00:00+00:00,bitcoin
40486.067164184955,1645142400000,2022-02-18 00:00:00+00:00,bitcoin
40151.82991925338,1645228800000,2022-02-19 00:00:00+00:00,bitcoin
38861.56912285757,1645315200000,2022-02-20 00:00:00+00:00,bitcoin
38556.60294425696,1645401600000,2022-02-21 00:00:00+00:00,bitcoin
37366.613824103784,1645488000000,2022-02-22 00:00:00+00:00,bitcoin
38204.721964758595,1645574400000,2022-02-23 00:00:00+00:00,bitcoin
36181.84025343768,1645660800000,2022-02-24 00:00:00+00:00,bitcoin
38864.37192358553,1645747200000,2022-02-25 00:00:00+00:00,bitcoin
39270.833333545575,1645833600000,2022-02-26 00:00:00+00:00,bitcoin
38779.54410642976,1645920000000,2022-02-27 00:00:00+00:00,bitcoin
39423.58576026612,1646006400000,2022-02-28 00:00:00+00:00,bitcoin
43662.86952952146,1646092800000,2022-03-01 00:00:00+00:00,bitcoin
44090.96495783129,1646179200000,2022-03-02 00:00:00+00:00,bitcoin
43161.619746470096,1646265600000,2022-03-03 00:00:00+00:00,bitcoin
40995.7250133253,1646352000000,2022-03-04 00:00:00+00:00,bitcoin
39230.62246345636,1646438400000,2022-03-05 00:00:00+00:00,bitcoin
39116.76273118436,1646524800000,2022-03-06 00:00:00+00:00,bitcoin
38325.53193441153,1646611200000,2022-03-07 00:00:00+00:00,bitcoin
38674.98138264244,1646697600000,2022-03-08 00:00:00+00:00,bitcoin
41560.70519114255,1646784000000,2022-03-09 00:00:00+00:00,bitcoin
39681.34170610669,1646870400000,2022-03-10 00:00:00+00:00,bitcoin
39012.74914785687,1646956800000,2022-03-11 00:00:00+00:00,bitcoin
39166.345262901516,1647043200000,2022-03-12 00:00:00+00:00,bitcoin
38971.116507608465,1647129600000,2022-03-13 00:00:00+00:00,bitcoin
38762.57291640115,1647216000000,2022-03-14 00:00:00+00:00,bitcoin
39050.17886213724,1647302400000,2022-03-15 00:00:00+00:00,bitcoin
40266.2985624923,1647388800000,2022-03-16 00:00:00+00:00,bitcoin
40932.37487891276,1647475200000,2022-03-17 00:00:00+00:00,bitcoin
40979.281554752386,1647561600000,2022-03-18 00:00:00+00:00,bitcoin
41881.18116441476,1647648000000,2022-03-19 00:00:00+00:00,bitcoin
41686.29116027675,1647734400000,2022-03-20 00:00:00+00:00,bitcoin
41152.34398576194,1647820800000,2022-03-21 00:00:00+00:00,bitcoin
42479.15144199363,1647907200000,2022-03-22 00:00:00+00:00,bitcoin
42288.34379148611,1647993600000,2022-03-23 00:00:00+00:00,bitcoin
43248.474528262646,1648080000000,2022-03-24 00:00:00+00:00,bitcoin
44325.72813968897,1648166400000,2022-03-25 00:00:00+00:00,bitcoin
44467.76721813477,1648252800000,2022-03-26 00:00:00+00:00,bitcoin
44999.434131089365,1648339200000,2022-03-27 00:00:00+00:00,bitcoin
47311.724959557294,1648425600000,2022-03-28 00:00:00+00:00,bitcoin
47600.56047119338,1648512000000,2022-03-29 00:00:00+00:00,bitcoin
47301.29335985463,1648598400000,2022-03-30 00:00:00+00:00,bitcoin
46733.145591577915,1648684800000,2022-03-31 00:00:00+00:00,bitcoin
45625.559283654286,1648771200000,2022-04-01 00:00:00+00:00,bitcoin
46513.99850659166,1648857600000,2022-04-02 00:00:00+00:00,bitcoin
46438.97444989607,1648944000000,2022-04-03 00:00:00+00:00,bitcoin
46118.9458867445,1649030400000,2022-04-04 00:00:00+00:00,bitcoin
46393.539063344935,1649116800000,2022-04-05 00:00:00+00:00,bitcoin
44685.89579354309,1649203200000,2022-04-06 00:00:00+00:00,bitcoin
43523.74460267487,1649289600000,2022-04-07 00:00:00+00:00,bitcoin
43361.11936417995,1649376000000,2022-04-08 00:00:00+00:00,bitcoin
42545.55676677912,1649462400000,2022-04-09 00:00:00+00:00,bitcoin
42853.05785731596,1649548800000,2022-04-10 00:00:00+00:00,bitcoin
41291.53796907431,1649635200000,2022-04-11 00:00:00+00:00,bitcoin
39994.9145924884,1649721600000,2022-04-12 00:00:00+00:00,bitcoin
40505.02693712239,1649808000000,2022-04-13 00:00:00+00:00,bitcoin
40740.42097173264,1649894400000,2022-04-14 00:00:00+00:00,bitcoin
40280.98007549342,1649980800000,2022-04-15 00:00:00+00:00,bitcoin
40468.85720040304,1650067200000,2022-04-16 00:00:00+00:00,bitcoin
40379.4216513658,1650153600000,2022-04-17 00:00:00+00:00,bitcoin
39732.11569222863,1650240000000,2022-04-18 00:00:00+00:00,bitcoin
41090.56992929218,1650326400000,2022-04-19 00:00:00+00:00,bitcoin
41488.79737479368,1650412800000,2022-04-20 00:00:00+00:00,bitcoin
41733.18617441332,1650499200000,2022-04-21 00:00:00+00:00,bitcoin
40166.42640786148,1650585600000,2022-04-22 00:00:00+00:00,bitcoin
39760.17505140151,1650672000000,2022-04-23 00:00:00+00:00,bitcoin
39695.983021980224,1650758400000,2022-04-24 00:00:00+00:00,bitcoin
39268.72668767209,1650844800000,2022-04-25 00:00:00+00:00,bitcoin
39705.12446461245,1650931200000,2022-04-26 00:00:00+00:00,bitcoin
38840.05787340934,1651017600000,2022-04-27 00:00:00+00:00,bitcoin
39624.642273301455,1651104000000,2022-04-28 00:00:00+00:00,bitcoin
39123.06006301128,1651190400000,2022-04-29 00:00:00+00:00,bitcoin
38563.16361682872,1651276800000,2022-04-30 00:00:00+00:00,bitcoin
38177.84953686325,1651363200000,2022-05-01 00:00:00+00:00,bitcoin
38738.91042272811,1651449600000,2022-05-02 00:00:00+00:00,bitcoin
38289.90874220308,1651536000000,2022-05-03 00:00:00+00:00,bitcoin
38839.06899936832,1651622400000,2022-05-04 00:00:00+00:00,bitcoin
38473.049922550985,1651708800000,2022-05-05 00:00:00+00:00,bitcoin
36204.075539513215,1651795200000,2022-05-06 00:00:00+00:00,bitcoin
35946.05229873305,1651881600000,2022-05-07 00:00:00+00:00,bitcoin
34708.27065105425,1651968000000,2022-05-08 00:00:00+00:00,bitcoin
32752.557435854207,1652054400000,2022-05-09 00:00:00+00:00,bitcoin
31370.268267343145,1652140800000,2022-05-10 00:00:00+00:00,bitcoin
30594.167541010047,1652227200000,2022-05-11 00:00:00+00:00,bitcoin
28393.772884854327,1652313600000,2022-05-12 00:00:00+00:00,bitcoin
30154.389233389214,1652400000000,2022-05-13 00:00:00+00:00,bitcoin
29394.083268573777,1652486400000,2022-05-14 00:00:00+00:00,bitcoin
30107.84304019322,1652572800000,2022-05-15 00:00:00+00:00,bitcoin
29986.70752003009,1652659200000,2022-05-16 00:00:00+00:00,bitcoin
30271.708005964385,1652745600000,2022-05-17 00:00:00+00:00,bitcoin
29600.6060735308,1652832000000,2022-05-18 00:00:00+00:00,bitcoin
29545.184866559863,1652918400000,2022-05-19 00:00:00+00:00,bitcoin
29799.685102297335,1653004800000,2022-05-20 00:00:00+00:00,bitcoin
29340.183081905965,1653091200000,2022-05-21 00:00:00+00:00,bitcoin
29787.392946019187,1653177600000,2022-05-22 00:00:00+00:00,bitcoin
30081.824292704347,1653264000000,2022-05-23 00:00:00+00:00,bitcoin
29308.430916023397,1653350400000,2022-05-24 00:00:00+00:00,bitcoin
29742.78199204765,1653436800000,2022-05-25 00:00:00+00:00,bitcoin
29444.36642111556,1653523200000,2022-05-26 00:00:00+00:00,bitcoin
28898.95686892856,1653609600000,2022-05-27 00:00:00+00:00,bitcoin
28889.834227530155,1653696000000,2022-05-28 00:00:00+00:00,bitcoin
29141.413578045165,1653782400000,2022-05-29 00:00:00+00:00,bitcoin
30591.33053077116,1653868800000,2022-05-30 00:00:00+00:00,bitcoin
31695.0693267522,1653955200000,2022-05-31 00:00:00+00:00,bitcoin
31069.22081666492,1654041600000,2022-06-01 00:00:00+00:00,bitcoin
30045.581931114808,1654128000000,2022-06-02 00:00:00+00:00,bitcoin
29991.06604218492,1654214400000,2022-06-03 00:00:00+00:00,bitcoin
29703.74801850825,1654300800000,2022-06-04 00:00:00+00:00,bitcoin
29818.172306013796,1654387200000,2022-06-05 00:00:00+00:00,bitcoin
31222.76679506853,1654473600000,2022-06-06 00:00:00+00:00,bitcoin
30003.221400679096,1654560000000,2022-06-07 00:00:00+00:00,bitcoin
30449.551103181104,1654646400000,2022-06-08 00:00:00+00:00,bitcoin
30237.135064199323,1654732800000,2022-06-09 00:00:00+00:00,bitcoin
29650.78773101741,1654819200000,2022-06-10 00:00:00+00:00,bitcoin
28881.993358820957,1654905600000,2022-06-11 00:00:00+00:00,bitcoin
27661.292983727722,1654992000000,2022-06-12 00:00:00+00:00,bitcoin
24261.581563120933,1655078400000,2022-06-13 00:00:00+00:00,bitcoin
22185.178411591936,1655164800000,2022-06-14 00:00:00+00:00,bitcoin
21357.047392480174,1655251200000,2022-06-15 00:00:00+00:00,bitcoin
21440.373651686048,1655337600000,2022-06-16 00:00:00+00:00,bitcoin
20689.719709972425,1655424000000,2022-06-17 00:00:00+00:00,bitcoin
19463.01502605148,1655510400000,2022-06-18 00:00:00+00:00,bitcoin
19384.894759745275,1655596800000,2022-06-19 00:00:00+00:00,bitcoin
20309.651222613807,1655683200000,2022-06-20 00:00:00+00:00,bitcoin
20994.60169655639,1655769600000,2022-06-21 00:00:00+00:00,bitcoin
20303.260042430284,1655856000000,2022-06-22 00:00:00+00:00,bitcoin
20487.876584421432,1655942400000,2022-06-23 00:00:00+00:00,bitcoin
21078.576025996295,1656028800000,2022-06-24 00:00:00+00:00,bitcoin
21277.334153554468,1656115200000,2022-06-25 00:00:00+00:00,bitcoin
21355.9923717531,1656201600000,2022-06-26 00:00:00+00:00,bitcoin
21048.369066398405,1656288000000,2022-06-27 00:00:00+00:00,bitcoin
20708.24861508405,1656374400000,2022-06-28 00:00:00+00:00,bitcoin
20145.960168888883,1656460800000,2022-06-29 00:00:00+00:00,bitcoin
19349.008752776208,1656547200000,2022-06-30 00:00:00+00:00,bitcoin
19532.84350912132,1656633600000,2022-07-01 00:00:00+00:00,bitcoin
19226.430007105337,1656720000000,2022-07-02 00:00:00+00:00,bitcoin
19159.3054491972,1656806400000,2022-07-03 00:00:00+00:00,bitcoin
19495.40780228063,1656892800000,2022-07-04 00:00:00+00:00,bitcoin
20167.420153553507,1657065600000,2022-07-06 00:00:00+00:00,bitcoin
20769.905767884313,1657152000000,2022-07-07 00:00:00+00:00,bitcoin
21753.173947254774,1657238400000,2022-07-08 00:00:00+00:00,bitcoin
21622.120906692835,1657324800000,2022-07-09 00:00:00+00:00,bitcoin
21144.58520476061,1657411200000,2022-07-10 00:00:00+00:00,bitcoin
20472.12079872676,1657497600000,2022-07-11 00:00:00+00:00,bitcoin
19760.33220865511,1657584000000,2022-07-12 00:00:00+00:00,bitcoin
19619.22132106653,1657670400000,2022-07-13 00:00:00+00:00,bitcoin
20173.887361720954,1657756800000,2022-07-14 00:00:00+00:00,bitcoin
20768.46983321882,1657843200000,2022-07-15 00:00:00+00:00,bitcoin
20846.465988492815,1657929600000,2022-07-16 00:00:00+00:00,bitcoin
21189.786762012245,1658016000000,2022-07-17 00:00:00+00:00,bitcoin
21807.409049397425,1658102400000,2022-07-18 00:00:00+00:00,bitcoin
22519.992180184596,1658188800000,2022-07-19 00:00:00+00:00,bitcoin
23570.38040375744,1658275200000,2022-07-20 00:00:00+00:00,bitcoin
22942.16459730511,1658361600000,2022-07-21 00:00:00+00:00,bitcoin
23148.79825567048,1658448000000,2022-07-22 00:00:00+00:00,bitcoin
22530.132223318968,1658534400000,2022-07-23 00:00:00+00:00,bitcoin
22656.490841810617,1658620800000,2022-07-24 00:00:00+00:00,bitcoin
21961.79811479716,1658707200000,2022-07-25 00:00:00+00:00,bitcoin
21046.08647354725,1658793600000,2022-07-26 00:00:00+00:00,bitcoin
21659.691124143814,1658880000000,2022-07-27 00:00:00+00:00,bitcoin
23309.431354557917,1658966400000,2022-07-28 00:00:00+00:00,bitcoin
23877.1584364708,1659052800000,2022-07-29 00:00:00+00:00,bitcoin
24020.9524759556,1659139200000,2022-07-30 00:00:00+00:00,bitcoin
23716.78994273296,1659225600000,2022-07-31 00:00:00+00:00,bitcoin
23225.2188999642,1659312000000,2022-08-01 00:00:00+00:00,bitcoin
22982.85671730224,1659398400000,2022-08-02 00:00:00+00:00,bitcoin
23179.567209509045,1659484800000,2022-08-03 00:00:00+00:00,bitcoin
22858.411711761528,1659571200000,2022-08-04 00:00:00+00:00,bitcoin
23070.486693729843,1659657600000,2022-08-05 00:00:00+00:00,bitcoin
23186.32506867222,1659744000000,2022-08-06 00:00:00+00:00,bitcoin
23078.03207101856,1659830400000,2022-08-07 00:00:00+00:00,bitcoin
23783.23929395521,1659916800000,2022-08-08 00:00:00+00:00,bitcoin
23449.383779712647,1660003200000,2022-08-09 00:00:00+00:00,bitcoin
23408.410714545807,1660089600000,2022-08-10 00:00:00+00:00,bitcoin
24344.085232075573,1660176000000,2022-08-11 00:00:00+00:00,bitcoin
23977.45760160065,1660262400000,2022-08-12 00:00:00+00:00,bitcoin
24508.553642619077,1660348800000,2022-08-13 00:00:00+00:00,bitcoin
24488.085946542295,1660435200000,2022-08-14 00:00:00+00:00,bitcoin
24255.887142833304,1660521600000,2022-08-15 00:00:00+00:00,bitcoin
23972.002457774397,1660608000000,2022-08-16 00:00:00+00:00,bitcoin
23712.955853529806,1660694400000,2022-08-17 00:00:00+00:00,bitcoin
23431.10154115002,1660780800000,2022-08-18 00:00:00+00:00,bitcoin
21878.296265320496,1660867200000,2022-08-19 00:00:00+00:00,bitcoin
21229.059195758746,1660953600000,2022-08-20 00:00:00+00:00,bitcoin
21402.84850102772,1661040000000,2022-08-21 00:00:00+00:00,bitcoin
21294.49967597629,1661126400000,2022-08-22 00:00:00+00:00,bitcoin
21403.02422975122,1661212800000,2022-08-23 00:00:00+00:00,bitcoin
21481.344004421633,1661299200000,2022-08-24 00:00:00+00:00,bitcoin
21609.425391531513,1661385600000,2022-08-25 00:00:00+00:00,bitcoin
21183.573575606304,1661472000000,2022-08-26 00:00:00+00:00,bitcoin
20154.595730999878,1661558400000,2022-08-27 00:00:00+00:00,bitcoin
20029.62487473428,1661644800000,2022-08-28 00:00:00+00:00,bitcoin
19998.16652886129,1661731200000,2022-08-29 00:00:00+00:00,bitcoin
20154.95196533592,1661817600000,2022-08-30 00:00:00+00:00,bitcoin
20213.21092324383,1661904000000,2022-08-31 00:00:00+00:00,bitcoin
19983.799093786783,1661990400000,2022-09-01 00:00:00+00:00,bitcoin
20097.38704484344,1662076800000,2022-09-02 00:00:00+00:00,bitcoin
19854.81473209784,1662163200000,2022-09-03 00:00:00+00:00,bitcoin
19812.510047539286,1662249600000,2022-09-04 00:00:00+00:00,bitcoin
19796.894481094085,1662336000000,2022-09-05 00:00:00+00:00,bitcoin
19611.463793569972,1662422400000,2022-09-06 00:00:00+00:00,bitcoin
18913.439673980218,1662508800000,2022-09-07 00:00:00+00:00,bitcoin
19266.045847942183,1662595200000,2022-09-08 00:00:00+00:00,bitcoin
20741.485986678457,1662681600000,2022-09-09 00:00:00+00:00,bitcoin
21447.6165593488,1662768000000,2022-09-10 00:00:00+00:00,bitcoin
21670.06295060411,1662854400000,2022-09-11 00:00:00+00:00,bitcoin
22140.16414768378,1662940800000,2022-09-12 00:00:00+00:00,bitcoin
21554.88010006668,1663027200000,2022-09-13 00:00:00+00:00,bitcoin
20238.785687303112,1663113600000,2022-09-14 00:00:00+00:00,bitcoin
20008.2773012904,1663200000000,2022-09-15 00:00:00+00:00,bitcoin
19720.570522682396,1663286400000,2022-09-16 00:00:00+00:00,bitcoin
19957.332512054953,1663372800000,2022-09-17 00:00:00+00:00,bitcoin
19888.13711716129,1663459200000,2022-09-18 00:00:00+00:00,bitcoin
19026.383349479107,1663545600000,2022-09-19 00:00:00+00:00,bitcoin
19195.99166004505,1663632000000,2022-09-20 00:00:00+00:00,bitcoin
19020.60695030832,1663718400000,2022-09-21 00:00:00+00:00,bitcoin
18986.70186538148,1663804800000,2022-09-22 00:00:00+00:00,bitcoin
19064.15333632095,1663891200000,2022-09-23 00:00:00+00:00,bitcoin
19078.079455405594,1663977600000,2022-09-24 00:00:00+00:00,bitcoin
18992.03968754898,1664064000000,2022-09-25 00:00:00+00:00,bitcoin
19016.751600944423,1664150400000,2022-09-26 00:00:00+00:00,bitcoin
19736.953242179738,1664236800000,2022-09-27 00:00:00+00:00,bitcoin
19125.88707314212,1664323200000,2022-09-28 00:00:00+00:00,bitcoin
19397.58192397545,1664409600000,2022-09-29 00:00:00+00:00,bitcoin
19530.37776495876,1664496000000,2022-09-30 00:00:00+00:00,bitcoin
19334.872563554774,1664582400000,2022-10-01 00:00:00+00:00,bitcoin
19241.97789157585,1664668800000,2022-10-02 00:00:00+00:00,bitcoin
19324.078215971513,1664755200000,2022-10-03 00:00:00+00:00,bitcoin
19945.94489792672,1664841600000,2022-10-04 00:00:00+00:00,bitcoin
20131.28465505238,1664928000000,2022-10-05 00:00:00+00:00,bitcoin
20155.961063035855,1665014400000,2022-10-06 00:00:00+00:00,bitcoin
19774.731300615615,1665100800000,2022-10-07 00:00:00+00:00,bitcoin
19498.40416931313,1665187200000,2022-10-08 00:00:00+00:00,bitcoin
19453.837917946414,1665273600000,2022-10-09 00:00:00+00:00,bitcoin
19333.898091541207,1665360000000,2022-10-10 00:00:00+00:00,bitcoin
19077.39166632556,1665446400000,2022-10-11 00:00:00+00:00,bitcoin
19124.34471924733,1665532800000,2022-10-12 00:00:00+00:00,bitcoin
19040.527402039505,1665619200000,2022-10-13 00:00:00+00:00,bitcoin
19522.12500195352,1665705600000,2022-10-14 00:00:00+00:00,bitcoin
19148.97801333452,1665792000000,2022-10-15 00:00:00+00:00,bitcoin
19175.052449126328,1665878400000,2022-10-16 00:00:00+00:00,bitcoin
19402.78034953924,1665964800000,2022-10-17 00:00:00+00:00,bitcoin
19480.935567566143,1666051200000,2022-10-18 00:00:00+00:00,bitcoin
19224.3127923764,1666137600000,2022-10-19 00:00:00+00:00,bitcoin
19131.398716354393,1666224000000,2022-10-20 00:00:00+00:00,bitcoin
19074.17742293648,1666310400000,2022-10-21 00:00:00+00:00,bitcoin
19185.009226451617,1666396800000,2022-10-22 00:00:00+00:00,bitcoin
19273.66247377424,1666483200000,2022-10-23 00:00:00+00:00,bitcoin
19360.584293046588,1666569600000,2022-10-24 00:00:00+00:00,bitcoin
19598.030929591157,1666656000000,2022-10-25 00:00:00+00:00,bitcoin
20531.36799269518,1666742400000,2022-10-26 00:00:00+00:00,bitcoin
20601.640975948605,1666828800000,2022-10-27 00:00:00+00:00,bitcoin
20359.404279688035,1666915200000,2022-10-28 00:00:00+00:00,bitcoin
20741.929992969417,1667001600000,2022-10-29 00:00:00+00:00,bitcoin
20672.23408793437,1667088000000,2022-10-30 00:00:00+00:00,bitcoin
20456.559628559236,1667174400000,2022-10-31 00:00:00+00:00,bitcoin
20472.185428180313,1667260800000,2022-11-01 00:00:00+00:00,bitcoin
20399.61555616461,1667347200000,2022-11-02 00:00:00+00:00,bitcoin
20250.159180354836,1667433600000,2022-11-03 00:00:00+00:00,bitcoin
20694.64332905644,1667520000000,2022-11-04 00:00:00+00:00,bitcoin
21330.981908743703,1667606400000,2022-11-05 00:00:00+00:00,bitcoin
21188.71875509021,1667692800000,2022-11-06 00:00:00+00:00,bitcoin
20769.049413464556,1667779200000,2022-11-07 00:00:00+00:00,bitcoin
19582.684765158014,1667865600000,2022-11-08 00:00:00+00:00,bitcoin
17538.344942455806,1667952000000,2022-11-09 00:00:00+00:00,bitcoin
16934.428755241188,1668038400000,2022-11-10 00:00:00+00:00,bitcoin
17098.76053279063,1668124800000,2022-11-11 00:00:00+00:00,bitcoin
16842.594555656357,1668211200000,2022-11-12 00:00:00+00:00,bitcoin
16640.78494125213,1668297600000,2022-11-13 00:00:00+00:00,bitcoin
16453.42172442446,1668384000000,2022-11-14 00:00:00+00:00,bitcoin
16828.16726869121,1668470400000,2022-11-15 00:00:00+00:00,bitcoin
16703.81714096854,1668556800000,2022-11-16 00:00:00+00:00,bitcoin
16620.215331940864,1668643200000,2022-11-17 00:00:00+00:00,bitcoin
16751.874729314517,1668729600000,2022-11-18 00:00:00+00:00,bitcoin
16665.551142870063,1668816000000,2022-11-19 00:00:00+00:00,bitcoin
16614.290259311972,1668902400000,2022-11-20 00:00:00+00:00,bitcoin
16048.317756723609,1668988800000,2022-11-21 00:00:00+00:00,bitcoin
15958.382013099688,1669075200000,2022-11-22 00:00:00+00:00,bitcoin
16485.918790452295,1669161600000,2022-11-23 00:00:00+00:00,bitcoin
16622.189490481225,1669248000000,2022-11-24 00:00:00+00:00,bitcoin
16521.73359214611,1669334400000,2022-11-25 00:00:00+00:00,bitcoin
16595.863447760148,1669420800000,2022-11-26 00:00:00+00:00,bitcoin
16583.270641939995,1669507200000,2022-11-27 00:00:00+00:00,bitcoin
16244.453480424954,1669593600000,2022-11-28 00:00:00+00:00,bitcoin
16426.688577204244,1669680000000,2022-11-29 00:00:00+00:00,bitcoin
16908.155431754793,1669766400000,2022-11-30 00:00:00+00:00,bitcoin
17068.755895850874,1669852800000,2022-12-01 00:00:00+00:00,bitcoin
16979.285715468144,1669939200000,2022-12-02 00:00:00+00:00,bitcoin
16988.909001847842,1670025600000,2022-12-03 00:00:00+00:00,bitcoin
17035.092533986513,1670112000000,2022-12-04 00:00:00+00:00,bitcoin
17183.749281060173,1670198400000,2022-12-05 00:00:00+00:00,bitcoin
17003.04852729687,1670284800000,2022-12-06 00:00:00+00:00,bitcoin
16889.11517793916,1670371200000,2022-12-07 00:00:00+00:00,bitcoin
16937.949911653468,1670457600000,2022-12-08 00:00:00+00:00,bitcoin
17193.973762126014,1670544000000,2022-12-09 00:00:00+00:00,bitcoin
17170.095814119697,1670630400000,2022-12-10 00:00:00+00:00,bitcoin
17171.498056197244,1670716800000,2022-12-11 00:00:00+00:00,bitcoin
17006.773299187294,1670803200000,2022-12-12 00:00:00+00:00,bitcoin
17469.779597167893,1670889600000,2022-12-13 00:00:00+00:00,bitcoin
17874.328804425815,1670976000000,2022-12-14 00:00:00+00:00,bitcoin
17584.989253418316,1671062400000,2022-12-15 00:00:00+00:00,bitcoin
17100.95814650202,1671148800000,2022-12-16 00:00:00+00:00,bitcoin
16712.734531577174,1671235200000,2022-12-17 00:00:00+00:00,bitcoin
16741.16809329845,1671321600000,2022-12-18 00:00:00+00:00,bitcoin
16678.6984115228,1671408000000,2022-12-19 00:00:00+00:00,bitcoin
16791.040909313837,1671494400000,2022-12-20 00:00:00+00:00,bitcoin
16829.32548166475,1671580800000,2022-12-21 00:00:00+00:00,bitcoin
16778.52036642307,1671667200000,2022-12-22 00:00:00+00:00,bitcoin
16832.061901037785,1671753600000,2022-12-23 00:00:00+00:00,bitcoin
16847.334009299357,1671840000000,2022-12-24 00:00:00+00:00,bitcoin
16830.18808553798,1671926400000,2022-12-25 00:00:00+00:00,bitcoin
16844.34984265105,1672012800000,2022-12-26 00:00:00+00:00,bitcoin
16797.282071182173,1672099200000,2022-12-27 00:00:00+00:00,bitcoin
16629.73298086975,1672185600000,2022-12-28 00:00:00+00:00,bitcoin
16585.872381248693,1672272000000,2022-12-29 00:00:00+00:00,bitcoin
16545.34409121533,1672358400000,2022-12-30 00:00:00+00:00,bitcoin
16570.269678970755,1672444800000,2022-12-31 00:00:00+00:00,bitcoin
16708.523561902934,1672617600000,2023-01-02 00:00:00+00:00,bitcoin
16682.70650379706,1672704000000,2023-01-03 00:00:00+00:00,bitcoin
16822.19136893977,1672790400000,2023-01-04 00:00:00+00:00,bitcoin
16826.733535630374,1672876800000,2023-01-05 00:00:00+00:00,bitcoin
16821.14068343817,1672963200000,2023-01-06 00:00:00+00:00,bitcoin
16940.3135199784,1673049600000,2023-01-07 00:00:00+00:00,bitcoin
16946.459618821,1673136000000,2023-01-08 00:00:00+00:00,bitcoin
17235.638725216988,1673222400000,2023-01-09 00:00:00+00:00,bitcoin
17290.616640763834,1673308800000,2023-01-10 00:00:00+00:00,bitcoin
17450.38119023719,1673395200000,2023-01-11 00:00:00+00:00,bitcoin
18387.805726865925,1673481600000,2023-01-12 00:00:00+00:00,bitcoin
19078.054215074968,1673568000000,2023-01-13 00:00:00+00:00,bitcoin
20822.4369410666,1673654400000,2023-01-14 00:00:00+00:00,bitcoin
20781.63061356087,1673740800000,2023-01-15 00:00:00+00:00,bitcoin
21039.993402321503,1673827200000,2023-01-16 00:00:00+00:00,bitcoin
21194.629763230252,1673913600000,2023-01-17 00:00:00+00:00,bitcoin
1.0020620201253536,1642550400000,2022-01-19 00:00:00+00:00,tether
1.002099691671372,1642636800000,2022-01-20 00:00:00+00:00,tether
1.002906647126437,1642723200000,2022-01-21 00:00:00+00:00,tether
1.0036068169096897,1642809600000,2022-01-22 00:00:00+00:00,tether
1.00385198232926,1642896000000,2022-01-23 00:00:00+00:00,tether
1.0032001130769983,1642982400000,2022-01-24 00:00:00+00:00,tether
1.0029114982825011,1643068800000,2022-01-25 00:00:00+00:00,tether
1.0032405272145044,1643155200000,2022-01-26 00:00:00+00:00,tether
1.0031318116735315,1643241600000,2022-01-27 00:00:00+00:00,tether
1.0051299560416398,1643328000000,2022-01-28 00:00:00+00:00,tether
1.0038686837920765,1643414400000,2022-01-29 00:00:00+00:00,tether
1.0026988503673,1643500800000,2022-01-30 00:00:00+00:00,tether
1.002662198386122,1643587200000,2022-01-31 00:00:00+00:00,tether
1.001904948144828,1643673600000,2022-02-01 00:00:00+00:00,tether
1.0019459581258858,1643760000000,2022-02-02 00:00:00+00:00,tether
1.0021834507171845,1643846400000,2022-02-03 00:00:00+00:00,tether
1.0017500174787295,1643932800000,2022-02-04 00:00:00+00:00,tether
1.0009342018491891,1644019200000,2022-02-05 00:00:00+00:00,tether
1.0013562585500868,1644105600000,2022-02-06 00:00:00+00:00,tether
1.0016493356622291,1644192000000,2022-02-07 00:00:00+00:00,tether
1.0024124140629318,1644278400000,2022-02-08 00:00:00+00:00,tether
1.002394056078938,1644364800000,2022-02-09 00:00:00+00:00,tether
1.0023732949599755,1644451200000,2022-02-10 00:00:00+00:00,tether
1.0025081931550124,1644537600000,2022-02-11 00:00:00+00:00,tether
1.0026205650317865,1644624000000,2022-02-12 00:00:00+00:00,tether
1.0037287310025291,1644710400000,2022-02-13 00:00:00+00:00,tether
1.0028285600689475,1644796800000,2022-02-14 00:00:00+00:00,tether
1.0018171044371482,1644883200000,2022-02-15 00:00:00+00:00,tether
1.0015542682393603,1644969600000,2022-02-16 00:00:00+00:00,tether
1.001825395416602,1645056000000,2022-02-17 00:00:00+00:00,tether
1.0025156502397419,1645142400000,2022-02-18 00:00:00+00:00,tether
1.002613792635722,1645228800000,2022-02-19 00:00:00+00:00,tether
1.0031630793840387,1645315200000,2022-02-20 00:00:00+00:00,tether
1.002029073968972,1645401600000,2022-02-21 00:00:00+00:00,tether
1.0018955458254646,1645488000000,2022-02-22 00:00:00+00:00,tether
1.0018103098067697,1645574400000,2022-02-23 00:00:00+00:00,tether
1.0020122013611268,1645660800000,2022-02-24 00:00:00+00:00,tether
1.0014840035440848,1645747200000,2022-02-25 00:00:00+00:00,tether
1.0017758739941311,1645833600000,2022-02-26 00:00:00+00:00,tether
1.002399349684734,1645920000000,2022-02-27 00:00:00+00:00,tether
1.0012543749069465,1646006400000,2022-02-28 00:00:00+00:00,tether
1.0009000800104653,1646092800000,2022-03-01 00:00:00+00:00,tether
1.001157815709472,1646179200000,2022-03-02 00:00:00+00:00,tether
1.0012243251201771,1646265600000,2022-03-03 00:00:00+00:00,tether
1.0013238520338292,1646352000000,2022-03-04 00:00:00+00:00,tether
1.0021375015816876,1646438400000,2022-03-05 00:00:00+00:00,tether
1.0027071414126665,1646524800000,2022-03-06 00:00:00+00:00,tether
1.0019482718588382,1646611200000,2022-03-07 00:00:00+00:00,tether
1.0012368181668823,1646697600000,2022-03-08 00:00:00+00:00,tether
1.0010862806565073,1646784000000,2022-03-09 00:00:00+00:00,tether
1.0015722541386387,1646870400000,2022-03-10 00:00:00+00:00,tether
1.001472054400803,1646956800000,2022-03-11 00:00:00+00:00,tether
1.0018241799923069,1647043200000,2022-03-12 00:00:00+00:00,tether
1.0020580166059172,1647129600000,2022-03-13 00:00:00+00:00,tether
1.0010674429549593,1647216000000,2022-03-14 00:00:00+00:00,tether
1.0011907772707405,1647302400000,2022-03-15 00:00:00+00:00,tether
1.001260591741936,1647388800000,2022-03-16 00:00:00+00:00,tether
1.001039131875598,1647475200000,2022-03-17 00:00:00+00:00,tether
1.0009551208767735,1647561600000,2022-03-18 00:00:00+00:00,tether
1.000981552870188,1647648000000,2022-03-19 00:00:00+00:00,tether
1.0016226180431669,1647734400000,2022-03-20 00:00:00+00:00,tether
1.0015662366992537,1647820800000,2022-03-21 00:00:00+00:00,tether
1.0009403270080643,1647907200000,2022-03-22 00:00:00+00:00,tether
1.0011725104252471,1647993600000,2022-03-23 00:00:00+00:00,tether
1.0013472086176625,1648080000000,2022-03-24 00:00:00+00:00,tether
1.001466939585159,1648166400000,2022-03-25 00:00:00+00:00,tether
1.0021204502419085,1648252800000,2022-03-26 00:00:00+00:00,tether
1.0015527098331412,1648339200000,2022-03-27 00:00:00+00:00,tether
1.000357970227902,1648425600000,2022-03-28 00:00:00+00:00,tether
1.0014886440840325,1648512000000,2022-03-29 00:00:00+00:00,tether
1.001699169002474,1648598400000,2022-03-30 00:00:00+00:00,tether
1.0017326682503824,1648684800000,2022-03-31 00:00:00+00:00,tether
1.0023977779253856,1648771200000,2022-04-01 00:00:00+00:00,tether
1.0016478225852257,1648857600000,2022-04-02 00:00:00+00:00,tether
1.002806475121685,1648944000000,2022-04-03 00:00:00+00:00,tether
1.0017703169805159,1649030400000,2022-04-04 00:00:00+00:00,tether
1.0012664339036115,1649116800000,2022-04-05 00:00:00+00:00,tether
1.0016988718470872,1649203200000,2022-04-06 00:00:00+00:00,tether
1.001811119944276,1649289600000,2022-04-07 00:00:00+00:00,tether
1.001622756168441,1649376000000,2022-04-08 00:00:00+00:00,tether
1.0023748693254153,1649462400000,2022-04-09 00:00:00+00:00,tether
1.0027483730766316,1649548800000,2022-04-10 00:00:00+00:00,tether
1.0020989216010179,1649635200000,2022-04-11 00:00:00+00:00,tether
1.0017057489770735,1649721600000,2022-04-12 00:00:00+00:00,tether
1.0024096261587447,1649808000000,2022-04-13 00:00:00+00:00,tether
1.0012676572931152,1649894400000,2022-04-14 00:00:00+00:00,tether
1.0015063852873944,1649980800000,2022-04-15 00:00:00+00:00,tether
1.002028744839314,1650067200000,2022-04-16 00:00:00+00:00,tether
1.0018757859646723,1650153600000,2022-04-17 00:00:00+00:00,tether
1.002045057208396,1650240000000,2022-04-18 00:00:00+00:00,tether
1.0011118448918443,1650326400000,2022-04-19 00:00:00+00:00,tether
1.000884817373746,1650412800000,2022-04-20 00:00:00+00:00,tether
1.000929935660456,1650499200000,2022-04-21 00:00:00+00:00,tether
1.0009654667414307,1650585600000,2022-04-22 00:00:00+00:00,tether
1.001687213088786,1650672000000,2022-04-23 00:00:00+00:00,tether
1.0018888092059182,1650758400000,2022-04-24 00:00:00+00:00,tether
1.0013232121797564,1650844800000,2022-04-25 00:00:00+00:00,tether
1.0008461872912264,1650931200000,2022-04-26 00:00:00+00:00,tether
1.0009836070469609,1651017600000,2022-04-27 00:00:00+00:00,tether
1.0005026269109232,1651104000000,2022-04-28 00:00:00+00:00,tether
1.00100834458527,1651190400000,2022-04-29 00:00:00+00:00,tether
1.0018895932649567,1651276800000,2022-04-30 00:00:00+00:00,tether
1.003632504567726,1651363200000,2022-05-01 00:00:00+00:00,tether
1.0017593914035763,1651449600000,2022-05-02 00:00:00+00:00,tether
1.0009114667382217,1651536000000,2022-05-03 00:00:00+00:00,tether
1.0007639247834927,1651622400000,2022-05-04 00:00:00+00:00,tether
1.0010725596567231,1651708800000,2022-05-05 00:00:00+00:00,tether
1.0015494478935012,1651795200000,2022-05-06 00:00:00+00:00,tether
1.0024958620721267,1651881600000,2022-05-07 00:00:00+00:00,tether
1.0051892704617875,1651968000000,2022-05-08 00:00:00+00:00,tether
1.0027129023423955,1652054400000,2022-05-09 00:00:00+00:00,tether
1.001505453894567,1652140800000,2022-05-10 00:00:00+00:00,tether
1.0001648413088338,1652227200000,2022-05-11 00:00:00+00:00,tether
0.9935315577852424,1652313600000,2022-05-12 00:00:00+00:00,tether
0.9995193541690152,1652400000000,2022-05-13 00:00:00+00:00,tether
0.9996785149831304,1652486400000,2022-05-14 00:00:00+00:00,tether
0.9995822035226376,1652572800000,2022-05-15 00:00:00+00:00,tether
1.0003151265110284,1652659200000,2022-05-16 00:00:00+00:00,tether
0.9995076602405502,1652745600000,2022-05-17 00:00:00+00:00,tether
0.9995345157336768,1652832000000,2022-05-18 00:00:00+00:00,tether
0.9996973239703748,1652918400000,2022-05-19 00:00:00+00:00,tether
0.9994950167476816,1653004800000,2022-05-20 00:00:00+00:00,tether
0.9998889484120874,1653091200000,2022-05-21 00:00:00+00:00,tether
0.9997179996028996,1653177600000,2022-05-22 00:00:00+00:00,tether
0.9994030627353562,1653264000000,2022-05-23 00:00:00+00:00,tether
0.999779358901804,1653350400000,2022-05-24 00:00:00+00:00,tether
0.9993466792889648,1653436800000,2022-05-25 00:00:00+00:00,tether
0.999681349150321,1653523200000,2022-05-26 00:00:00+00:00,tether
0.9999166510936,1653609600000,2022-05-27 00:00:00+00:00,tether
0.999970613912163,1653696000000,2022-05-28 00:00:00+00:00,tether
0.9998824576116532,1653782400000,2022-05-29 00:00:00+00:00,tether
0.9993092282909815,1653868800000,2022-05-30 00:00:00+00:00,tether
0.9993087829369014,1653955200000,2022-05-31 00:00:00+00:00,tether
0.9995839784351032,1654041600000,2022-06-01 00:00:00+00:00,tether
1.0000204653744715,1654128000000,2022-06-02 00:00:00+00:00,tether
0.9999495396258816,1654214400000,2022-06-03 00:00:00+00:00,tether
0.999980936667522,1654300800000,2022-06-04 00:00:00+00:00,tether
0.9999448702179624,1654387200000,2022-06-05 00:00:00+00:00,tether
0.9989880817898612,1654473600000,2022-06-06 00:00:00+00:00,tether
0.9993926890864696,1654560000000,2022-06-07 00:00:00+00:00,tether
0.9993317546668464,1654646400000,2022-06-08 00:00:00+00:00,tether
0.9993598311444292,1654732800000,2022-06-09 00:00:00+00:00,tether
0.9996472713434014,1654819200000,2022-06-10 00:00:00+00:00,tether
1.000413324228528,1654905600000,2022-06-11 00:00:00+00:00,tether
1.0006319240418835,1654992000000,2022-06-12 00:00:00+00:00,tether
1.0000136875997578,1655078400000,2022-06-13 00:00:00+00:00,tether
0.9994709087645728,1655164800000,2022-06-14 00:00:00+00:00,tether
0.9993144759577448,1655251200000,2022-06-15 00:00:00+00:00,tether
0.9994199581755968,1655337600000,2022-06-16 00:00:00+00:00,tether
0.9995451318954628,1655424000000,2022-06-17 00:00:00+00:00,tether
0.9996998534735136,1655510400000,2022-06-18 00:00:00+00:00,tether
0.9996905400254108,1655596800000,2022-06-19 00:00:00+00:00,tether
0.9990465252683748,1655683200000,2022-06-20 00:00:00+00:00,tether
0.9989534016314144,1655769600000,2022-06-21 00:00:00+00:00,tether
0.9989674827606508,1655856000000,2022-06-22 00:00:00+00:00,tether
0.9989232023796774,1655942400000,2022-06-23 00:00:00+00:00,tether
0.999036901527714,1656028800000,2022-06-24 00:00:00+00:00,tether
0.9999114741726882,1656115200000,2022-06-25 00:00:00+00:00,tether
0.9999075357837298,1656201600000,2022-06-26 00:00:00+00:00,tether
1.0001789332115154,1656288000000,2022-06-27 00:00:00+00:00,tether
0.9998865345475134,1656374400000,2022-06-28 00:00:00+00:00,tether
0.9996514271348552,1656460800000,2022-06-29 00:00:00+00:00,tether
0.9995546689838825,1656547200000,2022-06-30 00:00:00+00:00,tether
0.9991408196773836,1656633600000,2022-07-01 00:00:00+00:00,tether
0.999138924036756,1656720000000,2022-07-02 00:00:00+00:00,tether
0.9990460195837064,1656806400000,2022-07-03 00:00:00+00:00,tether
0.9985173682033612,1656892800000,2022-07-04 00:00:00+00:00,tether
0.9985772222982986,1657065600000,2022-07-06 00:00:00+00:00,tether
0.9988684228391084,1657152000000,2022-07-07 00:00:00+00:00,tether
0.9994067036422446,1657238400000,2022-07-08 00:00:00+00:00,tether
0.999879623449904,1657324800000,2022-07-09 00:00:00+00:00,tether
1.0000888576844473,1657411200000,2022-07-10 00:00:00+00:00,tether
0.9995751664636956,1657497600000,2022-07-11 00:00:00+00:00,tether
0.9995777035383322,1657584000000,2022-07-12 00:00:00+00:00,tether
1.000010444885794,1657670400000,2022-07-13 00:00:00+00:00,tether
0.9992579559975387,1657756800000,2022-07-14 00:00:00+00:00,tether
0.9987162861011608,1657843200000,2022-07-15 00:00:00+00:00,tether
0.9985830945441369,1657929600000,2022-07-16 00:00:00+00:00,tether
0.9981554866165444,1658016000000,2022-07-17 00:00:00+00:00,tether
0.9987695863593063,1658102400000,2022-07-18 00:00:00+00:00,tether
0.9996574747961612,1658188800000,2022-07-19 00:00:00+00:00,tether
1.0001621027869356,1658275200000,2022-07-20 00:00:00+00:00,tether
1.0002174410428253,1658361600000,2022-07-21 00:00:00+00:00,tether
1.0003385330979506,1658448000000,2022-07-22 00:00:00+00:00,tether
1.000761002681894,1658534400000,2022-07-23 00:00:00+00:00,tether
1.0002363404466803,1658620800000,2022-07-24 00:00:00+00:00,tether
1.0003905798120325,1658707200000,2022-07-25 00:00:00+00:00,tether
1.0007841670866848,1658793600000,2022-07-26 00:00:00+00:00,tether
1.0003641550936917,1658880000000,2022-07-27 00:00:00+00:00,tether
0.9998656860280074,1658966400000,2022-07-28 00:00:00+00:00,tether
0.9996913656989784,1659052800000,2022-07-29 00:00:00+00:00,tether
0.9996189785833736,1659139200000,2022-07-30 00:00:00+00:00,tether
0.999702912103722,1659225600000,2022-07-31 00:00:00+00:00,tether
1.0001088009972536,1659312000000,2022-08-01 00:00:00+00:00,tether
1.0005757667447839,1659398400000,2022-08-02 00:00:00+00:00,tether
1.0000614578408928,1659484800000,2022-08-03 00:00:00+00:00,tether
1.0002785382689443,1659571200000,2022-08-04 00:00:00+00:00,tether
1.0002703756394247,1659657600000,2022-08-05 00:00:00+00:00,tether
0.9998881155197458,1659744000000,2022-08-06 00:00:00+00:00,tether
1.0000251157701985,1659830400000,2022-08-07 00:00:00+00:00,tether
0.9997771786236204,1659916800000,2022-08-08 00:00:00+00:00,tether
1.0008279594265348,1660003200000,2022-08-09 00:00:00+00:00,tether
1.0006981390036924,1660089600000,2022-08-10 00:00:00+00:00,tether
1.0004095986457935,1660176000000,2022-08-11 00:00:00+00:00,tether
1.000628271399875,1660262400000,2022-08-12 00:00:00+00:00,tether
0.9999804981149512,1660348800000,2022-08-13 00:00:00+00:00,tether
1.000156176382229,1660435200000,2022-08-14 00:00:00+00:00,tether
1.0006305016725319,1660521600000,2022-08-15 00:00:00+00:00,tether
1.0006739833213627,1660608000000,2022-08-16 00:00:00+00:00,tether
1.000745734356032,1660694400000,2022-08-17 00:00:00+00:00,tether
1.000840595669342,1660780800000,2022-08-18 00:00:00+00:00,tether
1.0008827864877843,1660867200000,2022-08-19 00:00:00+00:00,tether
1.0013922361781076,1660953600000,2022-08-20 00:00:00+00:00,tether
1.001226483335603,1661040000000,2022-08-21 00:00:00+00:00,tether
1.0009828433442125,1661126400000,2022-08-22 00:00:00+00:00,tether
1.00023879240715,1661212800000,2022-08-23 00:00:00+00:00,tether
1.00023575127821,1661299200000,2022-08-24 00:00:00+00:00,tether
1.0003196890030954,1661385600000,2022-08-25 00:00:00+00:00,tether
1.0008134615771083,1661472000000,2022-08-26 00:00:00+00:00,tether
1.001395749222752,1661558400000,2022-08-27 00:00:00+00:00,tether
1.001708021230358,1661644800000,2022-08-28 00:00:00+00:00,tether
1.0009840574649207,1661731200000,2022-08-29 00:00:00+00:00,tether
1.0004343729813636,1661817600000,2022-08-30 00:00:00+00:00,tether
1.0002563137223792,1661904000000,2022-08-31 00:00:00+00:00,tether
1.0004210552623392,1661990400000,2022-09-01 00:00:00+00:00,tether
1.0001829137973666,1662076800000,2022-09-02 00:00:00+00:00,tether
1.0005188496460653,1662163200000,2022-09-03 00:00:00+00:00,tether
1.0005844808091804,1662249600000,2022-09-04 00:00:00+00:00,tether
1.0003537905392208,1662336000000,2022-09-05 00:00:00+00:00,tether
1.000529024559272,1662422400000,2022-09-06 00:00:00+00:00,tether
1.0006563120615044,1662508800000,2022-09-07 00:00:00+00:00,tether
1.0005482881427687,1662595200000,2022-09-08 00:00:00+00:00,tether
1.0007919619226924,1662681600000,2022-09-09 00:00:00+00:00,tether
1.0032517940043133,1662768000000,2022-09-10 00:00:00+00:00,tether
1.003257100790277,1662854400000,2022-09-11 00:00:00+00:00,tether
1.0008314180298472,1662940800000,2022-09-12 00:00:00+00:00,tether
1.000823538938464,1663027200000,2022-09-13 00:00:00+00:00,tether
1.0008642969419617,1663113600000,2022-09-14 00:00:00+00:00,tether
1.0011535773529117,1663200000000,2022-09-15 00:00:00+00:00,tether
1.0008417896711852,1663286400000,2022-09-16 00:00:00+00:00,tether
1.0007112262719895,1663372800000,2022-09-17 00:00:00+00:00,tether
1.0016084591601802,1663459200000,2022-09-18 00:00:00+00:00,tether
1.001244290889266,1663545600000,2022-09-19 00:00:00+00:00,tether
1.000862024224337,1663632000000,2022-09-20 00:00:00+00:00,tether
1.000827591283287,1663718400000,2022-09-21 00:00:00+00:00,tether
1.0005013894588,1663804800000,2022-09-22 00:00:00+00:00,tether
1.0003274505772897,1663891200000,2022-09-23 00:00:00+00:00,tether
1.000082172853576,1663977600000,2022-09-24 00:00:00+00:00,tether
1.0006665639748717,1664064000000,2022-09-25 00:00:00+00:00,tether
1.0001653722470312,1664150400000,2022-09-26 00:00:00+00:00,tether
1.0001144368678097,1664236800000,2022-09-27 00:00:00+00:00,tether
1.0002206503512967,1664323200000,2022-09-28 00:00:00+00:00,tether
1.0001772222036127,1664409600000,2022-09-29 00:00:00+00:00,tether
1.000350090411708,1664496000000,2022-09-30 00:00:00+00:00,tether
1.000490730605975,1664582400000,2022-10-01 00:00:00+00:00,tether
1.0007671584517133,1664668800000,2022-10-02 00:00:00+00:00,tether
1.0005714781536836,1664755200000,2022-10-03 00:00:00+00:00,tether
1.0005711108233155,1664841600000,2022-10-04 00:00:00+00:00,tether
1.000546026631876,1664928000000,2022-10-05 00:00:00+00:00,tether
1.0004426815047789,1665014400000,2022-10-06 00:00:00+00:00,tether
1.0005598151700146,1665100800000,2022-10-07 00:00:00+00:00,tether
1.0006035059080227,1665187200000,2022-10-08 00:00:00+00:00,tether
1.0007650188636361,1665273600000,2022-10-09 00:00:00+00:00,tether
1.0004583551703652,1665360000000,2022-10-10 00:00:00+00:00,tether
1.0005513507979076,1665446400000,2022-10-11 00:00:00+00:00,tether
1.0003893858688406,1665532800000,2022-10-12 00:00:00+00:00,tether
1.0006417172418451,1665619200000,2022-10-13 00:00:00+00:00,tether
1.000320789837558,1665705600000,2022-10-14 00:00:00+00:00,tether
1.0004781427473874,1665792000000,2022-10-15 00:00:00+00:00,tether
1.0005397144145487,1665878400000,2022-10-16 00:00:00+00:00,tether
1.0002668861993576,1665964800000,2022-10-17 00:00:00+00:00,tether
1.0004020030151781,1666051200000,2022-10-18 00:00:00+00:00,tether
1.0005907368280278,1666137600000,2022-10-19 00:00:00+00:00,tether
1.0006247714715655,1666224000000,2022-10-20 00:00:00+00:00,tether
1.0005467093981364,1666310400000,2022-10-21 00:00:00+00:00,tether
1.0005081460932757,1666396800000,2022-10-22 00:00:00+00:00,tether
1.0004596354197899,1666483200000,2022-10-23 00:00:00+00:00,tether
1.000398373893561,1666569600000,2022-10-24 00:00:00+00:00,tether
1.0002052052606463,1666656000000,2022-10-25 00:00:00+00:00,tether
0.99966632486579,1666742400000,2022-10-26 00:00:00+00:00,tether
0.99890115823605,1666828800000,2022-10-27 00:00:00+00:00,tether
0.9984875998912146,1666915200000,2022-10-28 00:00:00+00:00,tether
0.9981416164597277,1667001600000,2022-10-29 00:00:00+00:00,tether
0.9975748693033252,1667088000000,2022-10-30 00:00:00+00:00,tether
0.997329483472591,1667174400000,2022-10-31 00:00:00+00:00,tether
0.9983617911292259,1667260800000,2022-11-01 00:00:00+00:00,tether
0.9995168980330784,1667347200000,2022-11-02 00:00:00+00:00,tether
0.9996518234898804,1667433600000,2022-11-03 00:00:00+00:00,tether
0.9995669511097888,1667520000000,2022-11-04 00:00:00+00:00,tether
0.9998238731535386,1667606400000,2022-11-05 00:00:00+00:00,tether
0.9986574020135,1667692800000,2022-11-06 00:00:00+00:00,tether
0.9999155355613027,1667779200000,2022-11-07 00:00:00+00:00,tether
1.0014572570761668,1667865600000,2022-11-08 00:00:00+00:00,tether
1.0009186708550581,1667952000000,2022-11-09 00:00:00+00:00,tether
0.9977365808101936,1668038400000,2022-11-10 00:00:00+00:00,tether
0.9989018928615788,1668124800000,2022-11-11 00:00:00+00:00,tether
0.999490849562836,1668211200000,2022-11-12 00:00:00+00:00,tether
0.9993013223395228,1668297600000,2022-11-13 00:00:00+00:00,tether
0.9993860845943604,1668384000000,2022-11-14 00:00:00+00:00,tether
0.9998135069316734,1668470400000,2022-11-15 00:00:00+00:00,tether
1.0003366894122023,1668556800000,2022-11-16 00:00:00+00:00,tether
1.0007574960304269,1668643200000,2022-11-17 00:00:00+00:00,tether
1.0008819667762956,1668729600000,2022-11-18 00:00:00+00:00,tether
1.0012768134782335,1668816000000,2022-11-19 00:00:00+00:00,tether
1.001591090249072,1668902400000,2022-11-20 00:00:00+00:00,tether
1.0006129005817843,1668988800000,2022-11-21 00:00:00+00:00,tether
1.000738683244094,1669075200000,2022-11-22 00:00:00+00:00,tether
1.0010187111223312,1669161600000,2022-11-23 00:00:00+00:00,tether
1.0011681475643923,1669248000000,2022-11-24 00:00:00+00:00,tether
1.0018763854993693,1669334400000,2022-11-25 00:00:00+00:00,tether
1.0023533440626444,1669420800000,2022-11-26 00:00:00+00:00,tether
1.0026302892678736,1669507200000,2022-11-27 00:00:00+00:00,tether
1.0022128716299292,1669593600000,2022-11-28 00:00:00+00:00,tether
1.000863336226829,1669680000000,2022-11-29 00:00:00+00:00,tether
1.0004515510362009,1669766400000,2022-11-30 00:00:00+00:00,tether
1.0007827711480393,1669852800000,2022-12-01 00:00:00+00:00,tether
1.001064745873326,1669939200000,2022-12-02 00:00:00+00:00,tether
1.0011160465203606,1670025600000,2022-12-03 00:00:00+00:00,tether
1.001237044033993,1670112000000,2022-12-04 00:00:00+00:00,tether
1.000803464530103,1670198400000,2022-12-05 00:00:00+00:00,tether
1.000445836958684,1670284800000,2022-12-06 00:00:00+00:00,tether
1.0005245126239497,1670371200000,2022-12-07 00:00:00+00:00,tether
1.0004641012421385,1670457600000,2022-12-08 00:00:00+00:00,tether
1.0004804121163295,1670544000000,2022-12-09 00:00:00+00:00,tether
1.000788188996627,1670630400000,2022-12-10 00:00:00+00:00,tether
1.0010674622509612,1670716800000,2022-12-11 00:00:00+00:00,tether
1.0005504248059274,1670803200000,2022-12-12 00:00:00+00:00,tether
1.0002004567503624,1670889600000,2022-12-13 00:00:00+00:00,tether
1.0001740121295988,1670976000000,2022-12-14 00:00:00+00:00,tether
1.0003280943620316,1671062400000,2022-12-15 00:00:00+00:00,tether
1.0004985566324855,1671148800000,2022-12-16 00:00:00+00:00,tether
1.0011729413075,1671235200000,2022-12-17 00:00:00+00:00,tether
1.0006927522146165,1671321600000,2022-12-18 00:00:00+00:00,tether
1.0002311578273784,1671408000000,2022-12-19 00:00:00+00:00,tether
1.0002391014635184,1671494400000,2022-12-20 00:00:00+00:00,tether
1.0001692994506723,1671580800000,2022-12-21 00:00:00+00:00,tether
1.000122504128555,1671667200000,2022-12-22 00:00:00+00:00,tether
1.0002307121926952,1671753600000,2022-12-23 00:00:00+00:00,tether
1.0011598415241205,1671840000000,2022-12-24 00:00:00+00:00,tether
1.0009035540477944,1671926400000,2022-12-25 00:00:00+00:00,tether
0.9997703706568272,1672012800000,2022-12-26 00:00:00+00:00,tether
0.9995818044877612,1672099200000,2022-12-27 00:00:00+00:00,tether
0.9996491009288296,1672185600000,2022-12-28 00:00:00+00:00,tether
0.9996821466678076,1672272000000,2022-12-29 00:00:00+00:00,tether
0.9997992819654958,1672358400000,2022-12-30 00:00:00+00:00,tether
1.0000807409867245,1672444800000,2022-12-31 00:00:00+00:00,tether
0.999155041873658,1672617600000,2023-01-02 00:00:00+00:00,tether
0.9995140213039422,1672704000000,2023-01-03 00:00:00+00:00,tether
0.9995489632634968,1672790400000,2023-01-04 00:00:00+00:00,tether
0.999643822898768,1672876800000,2023-01-05 00:00:00+00:00,tether
0.9994476639444624,1672963200000,2023-01-06 00:00:00+00:00,tether
1.0002150682063888,1673049600000,2023-01-07 00:00:00+00:00,tether
1.000031268864689,1673136000000,2023-01-08 00:00:00+00:00,tether
0.99987692264448,1673222400000,2023-01-09 00:00:00+00:00,tether
1.0001822900931605,1673308800000,2023-01-10 00:00:00+00:00,tether
1.000104932196593,1673395200000,2023-01-11 00:00:00+00:00,tether
1.0001101883275196,1673481600000,2023-01-12 00:00:00+00:00,tether
1.0002731832526548,1673568000000,2023-01-13 00:00:00+00:00,tether
1.00036046813382,1673654400000,2023-01-14 00:00:00+00:00,tether
1.000180895748842,1673740800000,2023-01-15 00:00:00+00:00,tether
1.0002325520533204,1673827200000,2023-01-16 00:00:00+00:00,tether
1.0001076397604782,1673913600000,2023-01-17 00:00:00+00:00,tether
